run,repeat,baseline_tps,bidkv_tps,delta_pct,completed,output_tokens,baseline_preemptions,bidkv_preemptions,policy_calls,policy_selections,policy_failures
bidkv-qwen35-evoscientist-ab-20260929-compiled,1,27.210508589458126,24.454158063410265,-10.129728068058686,8,15617,949.0,1134.0,1134.0,227.0,0.0
bidkv-qwen35-evoscientist-ab-20260929-preempt5,1,27.210508589458126,28.635379481166904,5.2364728392500615,8,15617,949.0,1014.0,1014.0,32.0,0.0
bidkv-qwen35-evoscientist-ab-20260929-preempt5,2,31.960154929102533,29.160689262407022,-8.759236846334407,8,15617,948.0,1014.0,1014.0,32.0,0.0
bidkv-qwen35-evoscientist-first12-c12-512m-20260929,1,35.37035637779263,41.42218456909079,17.10988751896718,12,24148,850.0,786.0,786.0,10.0,0.0
bidkv-qwen35-evoscientist-first12-c12-512m-20260929,2,35.96565121399601,39.795148276368685,10.647651114634705,12,24148,850.0,711.0,711.0,7.0,0.0
bidkv-qwen35-shortascending4-256m-20260929,1,147.93946749045398,149.12778811402356,0.8032478713946078,4,4907,10.0,10.0,10.0,0.0,0.0
bidkv-qwen35-shortascending4-256m-20260929,2,148.59955983485517,145.68147298779,-1.9637250946827667,4,4907,10.0,10.0,10.0,0.0,0.0
bidkv-qwen35-shortmixed4-256m-2048-20260929,1,151.3508936418177,143.43139056253983,-5.232544644248948,4,4907,10.0,14.0,14.0,7.0,0.0
bidkv-qwen35-shortmixed4-256m-2048-20260929,2,151.000595224671,144.1189855362541,-4.557339445038544,4,4907,10.0,14.0,14.0,7.0,0.0
bidkv-qwen35-shortmixed4-completion10-20260929,1,153.58024425405068,141.6500944422898,-7.768023725776974,4,4907,10.0,15.0,15.0,3.0,0.0
bidkv-qwen35-shortmixed4-completion10-20260929,2,152.63939061903343,141.69171713573834,-7.172246586478426,4,4907,10.0,15.0,15.0,3.0,0.0
